pose,pose_x,pose_y,label
1,-11.56969777,-1.612015379,1
1,-15.0,10.0,1
1,-12.70595318,0.082977691,1
0,6.472188586,4.480844583,0
2,3.737665054,-14.4323517,1
1,-15.0,10.0,1
1,-15.0,10.0,1
1,-15.0,10.0,1
2,13.90379033,-27.12875354,1
2,5.340034749,-18.59286323,1
2,6.655425593,-12.46533822,1
1,-15.0,10.0,1
0,-7.314136672,-9.482076378,1
0,11.79147604,14.52269313,1
0,-6.456561553,-9.357398079,1
1,-15.0,10.0,1
0,2.679743493,-7.07898019,0
0,10.71470616,-9.522123391,0
0,9.872649832,5.528952647,0
0,10.01896082,-1.234957631,0
0,10.41519482,4.089196399,0
0,10.59661534,-9.703654138,0
0,4.176591413,-7.036195922,0
0,9.793408358,6.172612752,0
0,0.790961379,-4.333324103,0
0,7.656940801,10.60734347,0
0,22.82878243,6.556693965,1
0,-2.161615754,-9.177810425,1
0,7.847823598,14.35077289,1
0,7.018687925,13.15907388,1
0,0.435977839,-2.399024749,0
0,3.068930333,-9.59642869,0
0,5.804167864,2.803790849,0
0,8.622726804,-9.877382882,0
1,-15.0,10.0,1
1,-15.0,10.0,1
1,-15.0,10.0,1
1,-15.0,10.0,1
1,-15.0,10.0,1
1,-15.0,10.0,1
1,-15.0,10.0,1
1,-15.0,10.0,1
1,-15.0,10.0,1
1,-15.0,10.0,1
1,-15.0,10.0,1
1,-15.0,10.0,1
1,-15.0,10.0,1
1,-15.0,10.0,1
1,-15.0,10.0,1
1,-15.0,10.0,1
1,-15.0,10.0,1
1,-15.0,10.0,1
0,9.220920901,3.857993257,0
0,9.19300671,-5.547434472,0
1,-15.0,10.0,1
0,7.228069957,3.044242302,0
1,-15.0,10.0,1
0,5.192607148,2.852159615,0
1,-15.0,10.0,1
1,-14.69691492,-6.000462969,1
1,-15.0,10.0,1
1,-15.0,10.0,1
1,-12.63820691,-4.207822899,1
1,-15.0,10.0,1
1,-15.0,10.0,1
1,-15.0,10.0,1
1,-15.0,10.0,1
1,-15.0,10.0,1
1,-15.0,10.0,1
3,13.93741588,18.24829711,1
3,13.13686792,17.42367585,1
3,13.06150253,18.94792618,1
3,9.63021555,16.82638761,1
3,10.9583715,19.00648332,1
0,8.34018604,-9.01896463,0
0,7.054052041,3.302011498,0
0,10.92342033,3.622709913,0
0,6.568565727,0.53818853,0
0,7.100773567,3.505315772,0
0,1.467602461,-3.560914996,0
0,5.422774075,11.1647365,0
0,6.428137337,-1.586876464,0
0,6.769917123,4.428723762,0
2,5.31278566,-12.90518036,1
2,3.523983964,-12.5612874,1
2,6.334787774,-14.51017626,1
1,-15.0,10.0,1
2,7.364076382,-13.59741236,1
2,11.25112918,-17.14612477,1
0,8.013221643,2.836668564,0
2,-10.7079451,-10.17873907,1
1,-15.0,10.0,1
3,10.47490774,26.16314838,1
1,-15.0,10.0,1
1,-15.0,10.0,1
3,8.808054026,28.04594008,1
3,8.192236709,22.75466862,1
3,13.18566725,27.84739815,1
0,7.334623178,10.56396285,0
1,-15.0,10.0,1
1,-15.0,10.0,1
1,-15.0,10.0,1
1,-15.0,10.0,1
1,-15.0,10.0,1
2,8.256653497,-16.08424143,1
0,7.730469426,8.281718304,0
0,7.314666131,10.57730718,0
0,8.717344183,-2.283821509,0
0,26.5453609,-5.096330168,1
0,7.703535499,-3.429492611,0
0,8.372262275,2.998132202,0
0,7.066006005,8.045870951,0
0,6.01990669,10.07981647,0
3,14.04561949,19.47394619,1
0,5.978622051,2.633191934,0
1,-15.0,10.0,1
2,14.86782922,-22.08448148,1
0,8.782030169,8.92376178,0
0,6.528922952,10.94885531,0
0,6.104065836,11.90503064,0
1,-15.0,10.0,1
1,-15.0,10.0,1
1,-15.0,10.0,1
1,-15.0,10.0,1
1,-15.0,10.0,1
1,-15.0,10.0,1
1,-15.0,10.0,1
1,-15.0,10.0,1
1,-15.0,10.0,1
1,-15.0,10.0,1
0,7.514608009,6.83605015,0
1,-15.0,10.0,1
1,-15.0,10.0,1
0,13.70188521,4.949162371,0
2,4.409078184,-22.88667385,1
2,3.106961589,-26.55460438,1
2,-2.597898589,-12.90788182,1
0,7.160371733,14.4245621,1
0,8.224269633,9.613673467,0
0,5.126961922,14.68832543,1
0,3.82271663,-2.087600107,0
0,4.723676228,8.369059185,0
0,1.43020561,-0.945043761,0
2,-0.923788751,-11.58671428,1
0,7.172284399,14.92498265,1
0,11.5976076,4.456778058,0
0,6.555014987,6.339753317,0
2,0.964359559,-10.18383282,1
1,-15.0,10.0,1
1,-15.0,10.0,1
2,18.62536605,-24.36737958,1
2,15.55315491,-26.03823709,1
2,13.57136171,-24.5784315,1
2,20.03224189,-26.07328304,1
2,21.63994536,-23.66242284,1
2,14.84717804,-21.36435546,1
2,15.05544797,-21.80091331,1
2,8.813901185,-18.9233516,1
1,-15.0,10.0,1
1,-15.0,10.0,1
3,15.60024677,22.91116349,1
3,13.05490589,22.82696306,1
3,12.67364102,25.62857792,1
3,9.118213868,23.64527145,1
3,12.42445591,25.69145272,1
3,13.73523056,26.45278344,1
3,9.788363784,24.53535365,1
0,4.324957386,-2.835306449,0
0,6.645148961,-6.563751133,0
0,7.488234287,4.913601657,0
0,28.97987342,-8.883444872,1
0,5.171529862,-2.578996216,0
0,4.062704775,12.20079932,0
0,0.843558135,-2.653955455,0
0,29.49678823,-7.045039763,1
0,3.887328043,-7.784942607,0
0,7.848894453,-7.469013146,0
0,8.735766075,11.93518515,0
0,13.46942224,-8.217765695,0
0,3.138868773,-2.83504565,0
0,3.94398493,5.932690656,0
0,2.955738848,0.425761328,0
0,5.16236014,-6.087939355,0
0,11.06980048,-5.254623197,0
0,3.002871153,11.41292626,0
0,1.373183691,-2.902634286,0
0,1.758260001,-2.325277008,0
1,-15.0,10.0,1
1,-15.0,10.0,1
1,-13.11500572,-1.76264694,1
1,-13.64598647,-1.565819926,1
1,-15.0,10.0,1
1,-15.69009695,0.256951533,1
1,-15.0,10.0,1
1,-16.72564905,-0.978827954,1
1,-16.92014588,-0.223317693,1
1,-13.27588942,-0.974677315,1
0,5.418386029,11.38060902,0
0,10.66960471,2.755797355,0
0,10.31578721,-9.843511071,0
0,12.78840394,0.72568881,0
0,5.918132384,7.317412497,0
0,11.9371608,1.58009774,0
0,3.836072303,-2.336634365,0
0,12.27400377,2.226790768,0
0,3.065992248,11.68516185,0
0,-2.431334858,7.893674138,0
0,4.466958585,11.20757749,0
0,4.01445071,11.70080863,0
0,3.924313739,11.34179474,0
0,-0.299045775,7.558472591,0
0,4.906637711,10.10285337,0
0,25.87528164,-6.851524382,1
0,-1.544846597,7.926632969,0
0,2.089682451,8.274078742,0
1,-15.0,10.0,1
0,7.107301213,6.164167048,0
0,4.53034716,9.934040177,0
0,0.70388032,9.166022682,0
0,4.933246691,-6.83684494,0
0,0.468902988,6.358515082,0
0,0.889488792,10.3019065,0
0,-1.848800008,7.872178718,0
0,0.432937023,9.048554896,0
0,3.019034903,13.80167257,1
0,3.697711806,13.90570461,1
0,1.147625692,8.977242466,0
0,3.91383711,8.687211455,0
0,0.498481594,8.835040145,0
1,-15.0,10.0,1
1,-15.0,10.0,1
1,-15.0,10.0,1
1,-15.0,10.0,1
1,-15.0,10.0,1
1,-15.0,10.0,1
1,-15.0,10.0,1
1,-15.0,10.0,1
1,-15.0,10.0,1
1,-15.0,10.0,1
1,-15.0,10.0,1
1,-15.0,10.0,1
1,-15.0,10.0,1
1,-15.0,10.0,1
1,-15.0,10.0,1
1,-15.0,10.0,1
1,-15.0,10.0,1
1,-15.0,10.0,1
1,-15.0,10.0,1
1,-15.0,10.0,1
0,9.73025683,10.03202681,0
0,2.062710665,8.565676962,0
0,-1.378548536,8.350569564,0
1,-15.0,10.0,1
1,-15.0,10.0,1
1,-15.0,10.0,1
1,-15.0,10.0,1
1,-15.0,10.0,1
1,-15.0,10.0,1
1,-15.0,10.0,1
0,10.58745847,3.97776504,0
0,1.196933214,-1.894918277,0
0,-0.955735187,7.225300908,0
0,-0.490366402,7.466031981,0
0,2.395828733,9.261195827,0
0,1.248010951,8.121985336,0
0,7.298824097,2.047624027,0
0,-0.608252246,8.176641836,0
0,4.314703056,11.5224606,0
0,11.10305248,3.494875828,0
0,4.715305459,10.30211516,0
0,1.626210132,9.50732037,0
0,-0.36542342,8.895381665,0
0,-0.430655235,7.554189317,0
0,3.393266241,6.894842925,0
0,2.104061823,8.255544578,0
0,-0.562917865,6.978682885,0
0,0.015869941,8.349357496,0
0,-2.372464125,7.432145714,0
0,2.129384679,6.3985609,0
0,1.664334909,2.662481262,0
0,0.859428924,8.276318558,0
0,-1.966772858,10.15266258,0
0,-1.082627201,8.627493382,0
0,-1.410398255,-8.530854142,1
1,-15.0,10.0,1
0,-1.875678335,9.133489338,0
1,-15.0,10.0,1
1,-10.08528347,-3.273529746,1
1,-15.0,10.0,1
0,1.902257553,3.257741423,0
0,7.675347874,10.84321561,0
1,-15.0,10.0,1
1,-11.28908373,-2.065119638,1
1,-10.47889574,-1.530200832,1
0,4.226646,8.093003044,0
0,3.170745055,8.639550036,0
0,2.115191041,10.1435794,0
0,-0.41103108,9.165607121,0
1,-10.83668348,-3.426904199,1
1,-11.93140095,-1.572944899,1
0,-1.362813158,7.704724604,0
1,-10.0465573,-3.478918751,1
0,1.895321528,8.907748844,0
0,3.465271501,7.773541036,0
0,0.399332051,8.012119987,0
1,-15.0,10.0,1
1,-10.6124923,-2.793629678,1
1,-15.0,10.0,1
0,4.222627078,6.955698793,0
0,0.235685866,8.040031751,0
1,-12.25957787,-2.800929493,1
1,-11.06252372,-0.762260389,1
1,-10.26352012,-3.066036817,1
0,2.638972459,9.18897852,0
0,-0.149852012,8.283690288,0
0,1.720128752,8.945897887,0
0,-1.023622907,3.19713161,0
0,-3.403303939,6.659088864,0
0,2.854287507,11.26852624,0
1,-15.0,10.0,1
1,-11.01471426,-2.074849952,1
0,3.961515605,10.18110596,0
0,-0.074558992,7.634212644,0
0,1.115635067,9.660228903,0
0,10.09901273,14.66503562,1
0,-0.065353267,8.295001936,0
0,0.355227199,8.797188881,0
0,-3.960164874,2.175731689,0
0,0.329579058,-5.939545095,0
0,7.069702105,4.357097556,0
0,1.674601894,8.899544732,0
0,-0.011204894,8.478177746,0
0,-0.398323588,8.329228094,0
0,-2.121539613,8.558276055,0
0,11.50919939,3.192182353,0
0,7.696256557,13.34493536,1
0,-0.833435011,10.46162332,0
0,8.119052671,5.429341116,0
0,6.953861209,5.653544671,0
0,3.128957048,7.913132098,0
0,2.233601783,4.68504146,0
0,3.598131707,13.65682925,1
0,3.414548656,9.925918444,0
0,6.098382056,12.73791222,0
0,5.811673458,11.10386807,0
0,2.289991075,6.784229681,0
0,2.225767267,6.757792528,0
0,2.380562478,6.676205628,0
0,0.713086587,6.358531284,0
0,1.688954297,9.420260143,0
0,0.306295982,-3.314193044,0
0,0.132874537,-1.751747314,0
0,2.087216352,6.016573893,0
0,-0.166491598,7.843960624,0
0,-0.152186854,9.143972055,0
0,2.796204033,6.281844294,0
0,0.323351527,8.696699838,0
0,7.738878546,-7.599719168,0
0,2.973279293,4.396369685,0
0,0.189461282,-1.677956122,0
0,-0.768069982,8.444305237,0
0,2.427958646,9.799765374,0
0,5.286484517,6.844221965,0
2,-3.649466537,-13.09473138,1
0,0.106576758,7.508080566,0
2,1.835470822,-14.71826572,1
0,3.307948577,7.035494342,0
0,3.165990058,6.405971441,0
0,7.476023601,6.277688462,0
0,15.10318895,-9.955520092,0
0,9.603280251,2.676826527,0
0,-1.761521593,4.872310547,0
0,4.608113858,1.780078469,0
0,4.888627458,4.860818742,0
2,-3.41316071,-15.25779138,1
2,-0.096652891,-19.84190512,1
0,0.729015971,-0.398835422,0
0,4.772744387,2.043807488,0
0,3.496306559,-3.368206772,0
0,4.605212156,6.756117628,0
0,6.749619785,10.44656258,0
0,1.559439867,8.231651279,0
0,-0.36556041,0.852858676,0
0,-3.108335287,6.659658009,0
0,4.952188973,11.56832035,0
0,1.35238266,7.054429798,0
0,3.408646844,6.910493749,0
0,6.105058105,1.903959095,0
0,0.549932066,8.717066255,0
0,2.712614631,14.69468275,1
0,0.070669736,-2.338901994,0
0,1.027535732,-2.260086752,0
0,2.283800909,-3.505001841,0
0,10.08921067,-0.681625281,0
0,12.94473701,-6.954823977,0
0,3.340818465,5.911426781,0
0,14.36156626,2.267907327,0
0,11.22416206,2.51701638,0
0,7.343895467,5.260869052,0
0,3.107907472,-3.577054405,0
0,-0.606864498,8.878785777,0
0,-0.795858027,6.382923145,0
0,5.684777105,13.05546789,1
0,-3.78970509,3.390884399,0
0,7.796763304,10.57247064,0
0,-0.212810426,8.298843724,0
0,3.241547024,8.279530148,0
0,13.09050032,-8.493826492,0
0,0.850015957,-2.49371177,0
0,8.899604813,3.850179079,0
0,3.564576305,5.203370723,0
0,11.29049796,14.5996939,1
0,5.567675171,13.22400057,1
0,7.930719095,10.67874322,0
0,13.8764148,1.515228184,0
0,7.212389515,10.66062106,0
0,10.80469873,3.69033558,0
0,-3.779702821,6.571670956,0
0,6.214978753,4.205088663,0
0,7.719153659,-2.404239546,0
0,2.893224848,-2.751128552,0
0,5.520777103,0.194686084,0
0,0.388104845,-3.656433759,0
0,4.388125814,4.677536673,0
0,-3.660344636,1.395825092,0
0,5.249421429,-1.216052099,0
0,0.129203955,8.510022803,0
0,-4.302431838,7.680473777,0
0,14.81023601,3.874639681,0
0,-1.385387189,6.708292937,0
0,7.434767746,10.73766025,0
0,3.831573435,10.16695576,0
0,-1.438411077,-7.952931955,0
0,4.31426734,6.770724246,0
0,8.089798096,1.524760447,0
0,-3.296113682,5.046047206,0
0,7.109819316,11.67625338,0
0,7.076301534,6.319534057,0
0,6.498684533,10.74343165,0
0,-3.660711013,8.629464749,0
0,5.015077165,4.68591311,0
0,-3.34316337,6.999334178,0
0,5.428264442,-0.790433117,0
0,7.058275599,5.823324682,0
0,7.729836367,7.831319676,0
0,11.40480066,-7.279232735,0
0,4.824040159,0.526169048,0
0,9.537114443,9.663983838,0
0,-4.752114594,7.817126431,0
0,6.65555393,4.837489532,0
0,-2.053853274,4.985996756,0
0,11.49789096,5.493968321,0
0,0.784586231,4.215816077,0
0,4.942740271,13.12716134,1
0,-2.095782546,10.45135252,0
0,3.165572362,12.76056536,0
0,0.514459209,-1.267746229,0
0,10.73187826,5.152346985,0
0,-6.032587727,8.648986051,0
0,6.044838401,3.517888359,0
0,2.075266128,-1.901037994,0
0,0.33569896,-0.098514037,0
0,8.024213426,10.87483177,0
0,4.176824029,8.852749032,0
0,10.53285098,12.35297898,0
0,-3.972749951,7.125799773,0
0,6.145026745,4.154415979,0
0,5.031809808,7.04353871,0
0,2.020911835,-0.848376365,0
0,3.573666432,5.67136765,0
0,-3.297784011,7.189860293,0
0,6.70507998,9.077126704,0
0,6.471613157,-0.948625639,0
0,-1.897644899,3.709731741,0
0,6.331408794,11.8456377,0
0,6.874350609,4.507555585,0
0,11.89514131,13.38908192,1
0,3.896671737,6.663745767,0
0,-4.343867192,7.525562506,0
0,-3.991317486,6.611392246,0
0,-3.225488273,9.200539107,0
0,-2.29578731,7.522446724,0
0,1.415010263,2.372920945,0
0,5.39563545,11.87986166,0
0,-3.755503583,2.843299877,0
0,0.217294208,5.816815236,0
0,8.704366699,8.974386759,0
0,1.320607224,8.655022691,0
0,-3.71768837,9.387167405,0
0,8.551684167,1.65856825,0
0,4.619338819,5.608712811,0
0,-2.021499298,4.500631189,0
0,3.098164205,3.845858162,0
0,-5.149137309,6.50276313,0
0,7.67693786,-1.753988986,0
0,7.319006649,-1.834289158,0
0,-3.501844002,9.187579003,0
0,7.17118402,-1.019454302,0
0,3.872865002,11.20906484,0
0,2.021771753,4.428858092,0
0,4.543103271,12.0447695,0
0,6.296588651,-1.129565115,0
0,8.848177974,9.889218231,0
0,-5.765359329,7.593768243,0
0,-3.848647106,8.665921809,0
0,1.730487877,5.063376938,0
0,6.447806866,-2.994463985,0
0,-3.418703408,8.720683545,0
0,4.497525033,6.92672339,0
0,-0.172446205,0.009112545,0
0,0.264166372,-1.086440174,0
0,-4.671173205,6.864021351,0
0,12.1710134,-3.895367651,0
0,-3.299578814,2.974242074,0
0,-0.437504627,-7.636778583,0
0,6.281816864,10.46402357,0
0,-0.84020552,7.587583235,0
0,-4.9012025,7.441656978,0
0,-3.654341623,8.670334721,0
0,-4.356701446,7.005374825,0
0,4.506489557,5.407665128,0
0,3.68986354,-1.666574921,0
0,2.14862582,7.002206848,0
0,3.335296085,8.843029243,0
0,-2.471396716,3.051943497,0
0,5.298905307,-5.209035083,0
0,-3.826793776,8.677238928,0
0,-4.808938716,9.467050397,0
0,-0.762596731,7.866016485,0
0,-2.054186351,7.756078005,0
0,9.40278325,-6.918717381,0
0,-4.049613063,8.247997503,0
0,10.65934939,-0.642966681,0
0,0.333558339,-3.666014783,0
0,6.563110122,9.335139346,0
0,5.064606673,3.377835728,0
0,-5.459498543,7.487112605,0
0,-4.048094664,7.582136126,0
0,7.682900661,7.943307831,0
0,7.379686211,1.825904371,0
0,9.30633647,13.47460005,1
0,6.546348912,12.14495221,0
0,17.98554248,-3.685746507,1
0,11.83882889,12.96769157,0
0,0.5614725,4.15877902,0
0,-4.50833418,8.946731433,0
0,9.28514997,-3.897742187,0
0,-2.896017587,7.570758676,0
0,-4.244861138,9.282567416,0
0,9.027991149,-4.32505357,0
0,-4.245002277,8.709970055,0
0,4.414334158,11.43561466,0
0,0.26426577,-3.85645677,0
0,0.769491787,0.491096966,0
0,6.884006575,-2.467899747,0
0,6.633835758,5.759085317,0
0,6.821109033,6.021280329,0
0,-3.686805401,8.640905677,0
0,-1.855989794,8.84717009,0
0,-1.524550585,8.489132734,0
0,4.591031459,7.080426278,0
0,-3.849657966,8.469736908,0
0,-8.865933997,-7.571048639,1
0,-3.407882847,9.044117172,0
0,-3.744516636,8.732118358,0
0,8.190298855,-4.877634534,0
0,7.631111543,6.895477738,0
0,-1.176180752,0.642489063,0
0,-4.916325495,8.932446036,0
0,7.498171791,14.69939392,1
0,-3.638469574,8.938994179,0
0,-3.450594661,8.966382249,0
0,-1.121759539,0.337029226,0
0,7.204716816,7.522768938,0
0,1.574575792,-2.852346964,0
0,4.225601705,4.877307042,0
0,1.427076729,-3.662413069,0
0,-4.661370708,7.111799105,0
0,9.568473001,2.788896541,0
0,-4.144203395,8.293160561,0
0,-3.253882032,9.069425481,0
0,-2.421554936,9.652119422,0
0,-3.528925802,8.941628881,0
0,-1.48223148,1.193752647,0
0,9.580702841,-2.149437478,0
0,-0.657734937,11.18803337,0
0,-1.216301909,2.184844319,0
0,5.721314755,-0.382136627,0
0,-2.66288833,8.749018776,0
0,-1.868254366,2.95126654,0
0,-3.650352538,8.292652058,0
0,-1.1642807,0.935175437,0
0,-4.333173414,8.898430282,0
0,-1.235828268,10.90975884,0
0,4.025008078,5.323650981,0
0,-2.635488686,8.82637322,0
0,7.264620654,7.036764115,0
0,-5.078316042,8.910749163,0
0,-4.279269607,8.933840274,0
0,-3.585571801,7.105952134,0
0,-1.997124158,1.199280778,0
0,-1.69253559,9.555857537,0
0,7.482731508,-8.305780314,0
0,-4.997408885,8.366543955,0
0,-2.60460863,8.565819337,0
0,5.995034547,-2.31902831,0
0,-2.128442411,10.58324949,0
0,6.333496889,9.038719995,0
0,-2.978887486,4.751267387,0
0,-2.180766285,8.417841627,0
0,-0.716745158,4.156271766,0
0,-1.856281528,0.404215709,0
0,-2.503055322,7.73206159,0
0,-3.573163871,4.190328347,0
0,1.062400294,9.763665667,0
0,-3.802065394,7.290515904,0
0,-2.49060026,9.077999593,0
0,-6.186807385,8.442325401,0
0,6.043152185,4.846940223,0
0,5.525553199,7.917231134,0
0,-2.316921761,9.448779671,0
0,3.57421182,0.479073533,0
0,6.393936768,5.033488289,0
0,1.754340304,10.82074702,0
0,3.284730549,13.85799185,1
0,-4.888983312,9.18055602,0
0,2.294491925,7.072928144,0
0,-3.169125962,9.246380102,0
0,-6.951008476,8.094551926,0
0,-4.875026519,8.456984838,0
0,-4.026723376,9.142654045,0
0,6.227926408,4.883816725,0
0,4.06590266,7.143971937,0
0,3.543766761,-5.183234774,0
0,-3.592519546,8.535360949,0
0,0.656324504,4.195426738,0
0,-3.721257224,7.573846931,0
0,-6.65946376,0.36430192,0
0,5.184346108,5.096820525,0
0,0.840170552,6.055182041,0
0,-1.473083548,4.890477197,0
0,7.473775695,13.48872457,1
0,-4.876376741,8.493698337,0
0,-3.598842152,8.443011233,0
0,-4.836082001,-7.442337241,0
0,1.197454644,7.505337875,0
0,-0.627291843,4.155201963,0
0,7.341194737,-0.672143455,0
0,10.39989587,-2.259351577,0
0,-0.839583182,9.87174133,0
0,1.208974892,-7.264667475,0
0,-4.274961632,8.315625786,0
0,0.46488826,9.559192785,0
0,7.389336139,14.70608564,1
0,-2.049181541,4.655419254,0
0,2.170427737,9.19490397,0
0,4.744085742,5.935069685,0
0,-3.538355909,8.772088458,0
0,-1.320384768,7.402704122,0
0,-4.43447121,8.311737803,0
0,10.53823951,-2.566265179,0
0,-3.126628958,8.603789296,0
0,-4.090467744,8.450956776,0
0,-1.43176813,4.542233219,0
0,-4.827228474,6.985103983,0
0,0.652365529,-2.211068546,0
0,-2.839071216,9.079209791,0
0,3.382775981,6.575014257,0
0,-2.143970202,3.850979457,0
0,-4.702241361,8.141027147,0
0,-0.443616196,1.545125238,0
0,-3.425532221,8.63806586,0
0,-3.629283583,7.738512557,0
0,-2.890554111,9.503486503,0
0,1.258834021,11.43279349,0
0,-3.839236361,8.740711749,0
0,3.108154296,5.15310948,0
0,-3.63982402,9.027183467,0
0,-1.849583934,10.83509982,0
0,1.223721198,10.36567729,0
0,4.686171749,5.489558996,0
0,-0.121552423,10.10986087,0
0,-4.233609224,5.013492879,0
0,-2.600416647,9.478490659,0
0,-3.794930033,6.680043515,0
0,-4.184051571,7.868764579,0
0,-3.455839318,9.081362442,0
0,-1.946917586,9.073938863,0
0,-2.797238924,7.915417019,0
0,-0.072240367,6.027076005,0
0,4.378570177,9.344870808,0
0,2.985020859,5.997078363,0
0,9.434135469,13.47073177,1
0,-4.310235422,7.817933456,0
0,2.16698075,-2.93318329,0
0,-1.805953358,4.24219518,0
0,-3.149317968,9.298532782,0
0,2.465161973,0.624756967,0
0,3.481715424,9.252513408,0
0,-4.833109986,8.644619193,0
0,5.142929502,4.564942963,0
0,-4.122099473,8.274100767,0
0,0.23211653,-0.077923718,0
0,-3.314167846,8.978759119,0
0,-3.094159694,0.177465941,0
0,-5.149503228,8.247806907,0
0,-5.302118841,6.771371044,0
0,4.109021107,5.683674058,0
0,3.512247135,4.863936966,0
0,-3.115521112,9.061046896,0
0,-3.712334905,8.110412978,0
0,-3.460937189,8.356374583,0
0,-2.656875841,8.448010547,0
0,-2.796436294,8.546285658,0
0,-2.970442635,8.768224869,0
0,2.282456754,-2.084968052,0
0,9.217053912,13.8001146,1
0,1.288359375,10.32166975,0
2,11.80181465,-13.82421682,1
2,13.47716303,-21.16132679,1
2,13.43740222,-24.28786432,1
2,12.69178417,-23.72391406,1
3,6.308600322,16.00053615,1
3,6.21716848,15.913835,1
3,7.170445695,16.20966203,1
3,6.444522759,16.53743111,1
3,4.83728022,17.08124718,1
0,-3.87387737,7.526357723,0
0,3.184633839,8.636799235,0
0,8.546782116,-2.568886858,0
0,-2.58394227,8.619638888,0
0,-0.833688195,-7.375297121,0
0,-2.222958731,9.422931571,0
0,-0.516759245,7.691312032,0
0,8.01438621,-7.972247578,0
0,-0.949253666,10.63939342,0
0,-3.498471345,8.695962346,0
0,6.611449259,-5.996721714,0
0,-3.118526799,2.169121204,0
0,-4.394893565,8.260319227,0
0,1.202964624,-9.215499998,0
0,4.206911464,6.530489302,0
0,-0.996209632,10.2807786,0
0,-3.584520782,8.748004965,0
0,3.427548901,-4.476677452,0
3,11.02850301,15.08539856,1
0,3.237806192,8.951735065,0
3,13.40060416,16.84575548,1
3,12.51485009,19.05623367,1
3,11.00183574,19.026002,1
3,11.72745586,21.92629653,1
3,10.52111174,19.59808892,1
3,10.52913597,20.26258221,1
0,3.15644979,3.038754261,0
2,9.001589526,-13.12911523,1
2,13.50379257,-25.2519216,1
2,20.72926224,-31.90871303,1
2,12.01216371,-34.34070858,1
2,14.44254058,-35.56796358,1
2,14.14390035,-36.00464566,1
2,16.17786512,-38.62923243,1
2,17.74426779,-32.20966026,1
0,-1.87204632,8.63256075,0
0,1.950444159,6.863729371,0
1,-15.0,10.0,1
1,-15.0,10.0,1
1,-15.0,10.0,1
1,-15.0,10.0,1
1,-15.0,10.0,1
1,-15.0,10.0,1
1,-15.0,10.0,1
0,-1.566075744,-7.305353607,0
1,-15.0,10.0,1
1,-15.0,10.0,1
1,-15.0,10.0,1
1,-15.0,10.0,1
1,-15.0,10.0,1
1,-15.0,10.0,1
0,-4.916098297,8.855474133,0
1,-15.0,10.0,1
0,0.009743798,10.49915635,0
0,0.271371459,9.879202471,0
0,2.363840751,8.787505106,0
0,4.397942584,5.305519912,0
0,6.033307973,7.340763601,0
0,-6.130880852,3.627975236,0
0,4.106528665,6.564786935,0
0,-0.251808421,8.330500949,0
0,-4.359331412,-7.279322353,0
0,1.865199278,-1.977776012,0
0,2.081120087,9.89509754,0
0,-1.201760779,1.713570873,0
0,9.050539476,11.65830268,0
0,1.541410541,9.795172326,0
0,-4.370714238,3.211124545,0
0,1.551207659,8.292891616,0
0,1.135966252,0.253881294,0
0,7.172879216,13.41336041,1
1,-15.0,10.0,1
1,-15.0,10.0,1
1,-14.06062468,5.219772022,1
0,7.591969396,-6.586853724,0
1,-17.92476313,0.154178211,1
1,-18.82571307,1.335361992,1
1,-17.55584003,1.443976344,1
1,-15.0,10.0,1
1,-17.84787694,0.714819498,1
1,-18.22681715,1.264118483,1
1,-18.5399733,2.256572323,1
1,-17.81368692,1.96239577,1
0,9.007764937,0.332069545,0
1,-10.72082835,9.440207709,1
1,-15.0,10.0,1
3,14.54309573,17.21829489,1
3,14.28898711,16.68159726,1
3,14.23388704,17.78801697,1
0,-3.268554087,8.933133744,0
0,-3.420821531,8.981670607,0
0,1.128571993,8.147371135,0
0,5.663646592,-1.332766798,0
0,2.537417409,6.930694933,0
2,12.22862024,-13.29138307,1
2,10.79778297,-10.6608194,1
0,-3.663921878,8.18463752,0
3,12.11636174,16.1341834,1
0,-1.422842663,8.559999907,0
3,13.50909997,15.16090464,1
3,11.96383818,15.13468331,1
3,12.09699131,15.30609179,1
3,9.852305945,15.68581231,1
0,0.540247704,-2.713215833,0
0,-3.242970374,4.47804761,0
0,7.697071272,4.74943287,0
0,10.12211464,8.775939748,0
0,3.225137774,4.639222768,0
0,-2.976850899,8.720919724,0
1,-12.43506432,2.365080258,1
1,-15.92535757,4.351188138,1
1,-15.67545433,6.044895913,1
1,-14.16518632,4.903943619,1
1,-12.36940678,6.737818158,1
1,-10.78298364,8.436433242,1
1,-10.04419943,7.344709356,1
0,3.344230865,-2.016610121,0
0,-0.912322804,2.150909893,0
0,2.79750367,8.342268719,0
0,-0.433076761,-7.08997848,0
0,0.667276322,5.640539369,0
0,8.535237352,6.058024127,0
0,3.038885777,10.59865923,0
0,-1.456100987,1.614526855,0
3,9.640597357,16.08553243,1
3,15.2539397,17.98364609,1
3,13.69781711,18.13433136,1
3,13.63341006,17.14188667,1
0,14.08095744,-8.236499788,0
0,-3.404486201,9.319127056,0
0,-6.151257699,-7.058904976,0
0,-1.434255591,1.709027232,0
0,5.757486712,9.864433923,0
0,-1.490583426,4.178237235,0
0,3.946582205,2.0446651,0
0,2.593839791,2.062018669,0
0,-2.977237846,8.135779203,0
1,-12.40711064,3.687996361,1
1,-13.63537674,5.418548956,1
1,-12.85811727,5.895295643,1
0,-1.459486323,5.039004266,0
0,8.500862849,14.61509623,1
0,-4.008743589,8.993548115,0
0,0.222210214,8.588755093,0
0,5.127770556,3.397064917,0
0,-3.03139387,7.499180215,0
1,-15.0,10.0,1
1,-15.0,10.0,1
1,-15.0,10.0,1
1,-15.0,10.0,1
1,-15.0,10.0,1
1,-19.02012171,0.96215508,1
1,-19.98664187,1.601353455,1
1,-19.33647231,2.286326765,1
1,-18.36906396,2.462237901,1
0,6.3711344,7.468683534,0
0,11.1125739,9.303659467,0
0,5.273666098,4.456560425,0
2,15.76453437,-11.96879675,1
2,15.50274591,-14.4704363,1
2,15.18834553,-13.50875741,1
2,14.4699353,-13.23745065,1
2,15.64360737,-14.52725259,1
2,15.4231063,-13.09120202,1
0,1.306408259,4.819757754,0
0,-3.079115726,3.392184644,0
0,3.139473566,8.07451089,0
0,1.107586434,7.979363569,0
0,3.275392842,8.973694191,0
0,1.3137497,7.852639601,0
0,0.261841674,6.529567913,0
0,8.006643118,-2.771897749,0
0,5.134298391,6.459660927,0
0,10.143313,8.619038184,0
0,1.410694178,9.163565277,0
0,1.031804221,7.546605355,0
0,0.521972674,7.207459176,0
0,-0.785352425,8.387132533,0
0,8.152858168,-3.267403205,0
2,11.22039351,-11.02899144,1
0,0.394301682,4.552495691,0
0,-3.017661846,7.689653955,0
0,-0.021994933,8.990942601,0
0,0.833401743,8.613193668,0
0,-2.680649045,9.29411686,0
0,-1.525669082,6.027869464,0
0,0.693511151,7.70672595,0
0,4.088553669,3.609069963,0
0,-2.818442151,1.699246514,0
0,1.347674237,11.88394373,0
0,-3.872253602,4.532453934,0
0,0.650483466,9.285316002,0
0,-3.125385811,8.038578644,0
0,10.33757802,-1.270547042,0
0,-0.213565293,9.62766141,0
0,0.324119279,4.20086797,0
0,-1.245098865,1.447293112,0
0,1.254823793,4.67646684,0
0,4.521503515,3.412267509,0
0,0.492507563,9.518545926,0
0,-2.015871301,7.993260363,0
0,8.32930802,6.496022323,0
0,1.813575592,8.204049493,0
0,1.572321064,2.228502616,0
0,2.39760043,10.30053636,0
0,-2.884487986,8.078622044,0
0,1.0923493,3.49284501,0
0,-4.024216044,5.592764633,0
0,3.905488546,3.656005107,0
0,7.22833619,10.35180601,0
0,6.96562222,-2.434607772,0
0,-1.993952789,8.245933644,0
0,8.666305219,6.09881474,0
0,7.74837992,-3.385254071,0
0,1.430458934,9.6089547,0
0,0.68744124,6.109512477,0
0,-0.892885525,6.710013691,0
0,-0.776433474,5.574891952,0
0,-1.106535852,4.751392141,0
0,-2.236169851,9.202292618,0
0,1.771477607,6.288531292,0
0,2.356887024,5.625185375,0
0,-3.949461779,5.644007137,0
0,3.903764444,6.283520565,0
0,2.509004534,7.729132548,0
0,4.278689322,2.375330301,0
0,0.762182803,5.639984044,0
0,1.292496963,9.519784946,0
0,-3.943150017,8.16470125,0
0,5.633772041,-0.245641377,0
1,-15.0,10.0,1
1,-15.0,10.0,1
1,-15.0,10.0,1
1,-15.0,10.0,1
0,2.81413134,8.84656625,0
0,1.749500125,8.081290751,0
0,0.679569811,4.313735956,0
0,1.686977958,7.170088708,0
0,1.159776489,4.955783057,0
0,3.114569791,9.747567738,0
0,4.387882655,4.160535317,0
0,5.490994185,4.069261598,0
0,-4.735784601,7.383079063,0
0,1.954050763,7.867427996,0
0,4.706155816,3.750185345,0
0,2.122061135,4.031320304,0
0,0.280871366,9.618664114,0
1,-15.0,10.0,1
1,-15.0,10.0,1
0,-3.941008446,8.062448769,0
0,3.351402597,4.996110338,0
0,4.145899137,3.204921717,0
0,-2.370915714,6.071858703,0
0,2.656650563,7.584212844,0
0,1.003105038,-4.805586223,0
0,-3.022495699,7.640752646,0
0,0.820824833,-2.29005514,0
0,3.29033619,3.125168097,0
0,6.098609737,11.34031971,0
0,3.745975769,3.548801867,0
0,1.223726872,4.834504792,0
0,1.464420431,3.930655424,0
0,-0.91360626,5.335215151,0
0,-3.831265697,7.746665882,0
0,5.199134534,3.928411103,0
0,4.669051379,3.855191348,0
0,-2.378134768,6.304217246,0
0,6.501461433,1.386538913,0
0,4.174646483,5.01892761,0
0,3.575587345,5.180919418,0
0,5.208989408,3.822976375,0
0,3.272320365,3.600160378,0
0,5.037760218,3.381692006,0
0,5.265134096,3.597781671,0
0,-0.223623544,3.984093738,0
0,-2.236762526,8.058240982,0
0,2.303655498,8.47000064,0
0,-0.143249842,6.161680604,0
0,1.672998237,4.98957747,0
0,5.104972964,9.041090895,0
0,4.412498035,9.456508647,0
1,-10.02103897,4.782738472,1
0,4.363150631,3.118461987,0
0,-2.656598913,5.378539607,0
0,-4.886270293,0.569228795,0
0,2.273471769,8.849245834,0
0,3.760489819,4.914616275,0
1,-15.0,10.0,1
1,-15.0,10.0,1
0,-1.832869708,6.033951387,0
0,4.060492739,3.069709508,0
0,-6.84303278,6.961090546,0
0,1.981810605,4.391454186,0
0,4.381242151,4.438317147,0
0,4.50598362,3.736698416,0
0,3.925747206,3.525667462,0
0,4.558072057,3.562357112,0
2,11.95122041,-19.09935914,1
2,8.08267992,-16.00884776,1
2,8.143234034,-14.67737768,1
2,7.133849633,-12.21479988,1
0,1.309043586,-3.151208095,0
2,11.92590654,-16.3215159,1
0,3.583046865,3.187561496,0
0,5.228192157,8.912590338,0
0,0.55919656,5.342512852,0
0,3.964537398,4.365703865,0
0,5.494120212,6.76300561,0
0,4.089361172,7.395960253,0
0,4.74740585,4.218762511,0
0,-6.002672539,1.717843941,0
0,-0.467893652,5.864620992,0
0,-0.90339961,4.325851484,0
0,-6.286914307,-6.622016979,0
0,-9.319747793,6.897058002,0
0,3.214990497,5.279464217,0
0,5.840826545,8.978316498,0
0,4.127572335,3.811407096,0
0,3.202440532,12.72475015,0
0,-2.571632052,7.508351226,0
0,5.26547474,7.147138903,0
0,3.423819117,7.496961203,0
0,0.527414849,2.953413116,0
0,-2.99997569,6.620904442,0
0,3.266548942,10.98784595,0
0,4.7886571,3.211521638,0
0,3.342531756,-1.213945354,0
0,0.380737186,-1.711442689,0
0,1.214836028,6.662034822,0
0,-2.349170128,5.883845832,0
0,-3.36456875,-6.541307487,0
0,2.217027852,3.116777256,0
0,4.907990997,6.403408958,0
0,-0.921031824,6.31574399,0
0,-2.526150915,7.363234688,0
0,7.302486697,3.700437722,0
0,-0.645900733,6.633852341,0
0,-2.609001598,-6.498902543,0
0,4.397053015,7.750158054,0
0,0.876255402,3.881265631,0
0,4.595990759,3.693661746,0
0,4.183909415,3.387260372,0
0,5.237647919,4.386315464,0
0,0.834249085,7.715500448,0
0,-2.003366111,8.994574854,0
0,10.49188101,1.901794775,0
0,3.285113784,8.791648679,0
0,5.002633447,4.106351261,0
0,-3.355647892,5.615342283,0
0,-2.744263903,5.860638982,0
0,4.519187178,4.122369733,0
0,5.367975786,3.84712092,0
0,-1.165875218,6.125193323,0
0,0.861011099,-2.478208798,0
0,0.230639747,3.514682468,0
0,-3.86940688,-6.378228528,0
0,0.496777603,8.626917804,0
0,-0.420847213,8.78473352,0
0,-2.023942574,6.633127362,0
0,-2.686409283,-6.310132277,0
0,0.323649973,9.083620485,0
0,3.929725692,11.76710769,0
0,5.006269987,10.40517943,0
0,-3.085934221,6.865438989,0
1,-15.0,10.0,1
3,4.772831517,15.15914602,1
0,3.068190587,7.678660043,0
0,-0.685832143,-6.23617965,0
0,0.394581898,-2.800364326,0
0,2.82889349,4.187373614,0
0,2.990052111,10.4694074,0
0,0.535128736,4.965471806,0
0,1.148755021,4.994193011,0
0,4.739752902,13.70295965,1
0,-0.727074281,4.541380224,0
0,-1.428881693,-6.186177037,0
0,0.273121894,4.470972418,0
0,0.872299108,5.344316035,0
0,4.0463653,2.712415715,0
0,-0.489312725,6.689082983,0
0,1.409282253,-2.935715444,0
0,8.102989917,14.71493529,1
0,-1.665040837,-6.130012022,0
0,0.684474158,7.237016616,0
0,4.695543722,7.980629504,0
0,-0.795469424,-6.0935697,0
0,7.20311838,13.19948689,1
0,-1.00557029,8.151027408,0
0,-4.817625041,0.819237983,0
0,4.875062049,3.636225708,0
0,-2.137639545,10.10532414,0
0,0.794276366,9.581865426,0
0,1.524501383,9.621145037,0
0,-1.472224561,7.369337113,0
0,9.200494529,13.07871255,1
0,2.872911308,3.394601947,0
0,3.40424023,8.159245227,0
0,-2.160693182,7.199985543,0
0,-3.840891046,-6.030357465,0
0,-0.299238572,-6.020041058,0
0,4.959005695,11.13295512,0
0,3.834158453,7.979603616,0
0,5.922462888,10.89011874,0
0,6.965594702,1.285629958,0
0,-1.908651374,6.818834288,0
0,0.51446839,7.217057254,0
0,5.228637462,3.699933345,0
0,-1.504100202,6.963642371,0
0,-5.22571797,6.718532575,0
0,4.005366707,3.53877911,0
0,-1.538059342,10.25036099,0
0,4.130301712,8.441355058,0
0,4.462607181,4.05564176,0
0,2.554506248,3.899705137,0
0,0.630780397,8.737016499,0
0,2.94900103,7.320784897,0
0,2.752964835,5.30068892,0
0,-2.424724289,6.732013177,0
0,1.439891148,7.673809609,0
0,8.16275072,8.480500907,0
0,12.50047727,10.0257291,0
0,2.156969888,4.634108857,0
0,0.537926572,-1.875897336,0
0,1.941639776,3.860734969,0
0,4.178747237,3.698682581,0
0,3.998095308,3.04540307,0
0,1.958731898,10.65016833,0
0,5.610760777,4.4378005,0
0,15.96278844,9.865341168,0
0,4.162023976,3.889786224,0
0,4.337190793,12.79552819,0
0,1.53127066,-3.561735604,0
0,-1.387695127,6.639039595,0
0,7.847487373,-4.760896511,0
2,7.02675837,-11.49564873,1
1,-15.0,10.0,1
0,0.615289828,5.376656774,0
2,9.491370598,-12.46245258,1
2,10.03768118,-10.56222949,1
0,7.007362425,8.075364829,0
0,4.997207604,3.650173603,0
0,3.302214692,3.945075013,0
0,1.155395399,9.03746183,0
0,-2.171326529,-5.632766351,0
0,3.963283531,12.0111856,0
1,-11.98985977,-0.21696115,1
1,-15.0,10.0,1
0,-1.193532311,5.406519365,0
0,0.289848204,7.649943605,0
0,4.58146141,-0.662262528,0
0,-2.602145491,8.386861459,0
0,4.110881208,12.94804568,0
1,-15.0,10.0,1
0,5.450806445,6.766033722,0
0,-6.771805277,-5.501140808,0
0,11.08114986,3.452206747,0
0,-2.919933114,6.379027091,0
1,-15.0,10.0,1
0,7.37867223,13.9678594,1
0,5.309966287,1.647937055,0
0,-4.410597835,6.663825383,0
0,3.073067663,9.312423907,0
0,5.284846508,3.278459717,0
0,-3.769161996,6.976948906,0
0,8.058347493,14.33678015,1
0,4.334768819,13.41917417,1
0,16.81433083,10.15582846,1
1,-15.0,10.0,1
1,-15.0,10.0,1
1,-15.0,10.0,1
0,9.709346663,14.29041629,1
0,-0.402470217,8.433621186,0
0,5.91907718,1.982193462,0
0,-2.573448276,7.830811843,0
0,-4.013721131,8.306124771,0
0,5.130968595,12.29937989,0
0,3.284664673,7.269272041,0
0,5.907127897,11.21528641,0
0,7.726881834,13.42861439,1
0,5.759055823,12.44941669,0
0,6.415196231,10.49985975,0
0,2.167118113,9.251894215,0
0,-1.801511282,10.43927255,0
0,7.604370695,14.83623614,1
0,4.249648143,9.033318008,0
0,6.50854094,12.85445661,0
1,-15.0,10.0,1
0,-0.522369876,7.321062075,0
0,4.704298877,6.182224809,0
0,5.133866901,-1.070582999,0
0,-2.673427914,1.081834641,0
0,2.18539554,8.084174169,0
0,11.5251353,4.919557648,0
0,1.013141404,7.797298361,0
0,4.542790363,9.695355466,0
0,4.329724008,8.733266043,0
0,10.06295685,-6.556005692,0
0,4.447256264,3.606218061,0
0,1.709771315,7.342179076,0
0,4.521466826,7.480111627,0
0,4.939646853,3.698211249,0
0,2.703336623,8.455828735,0
0,0.892895788,7.953637349,0
0,-3.831680919,6.328767758,0
0,-2.789474885,-5.231770062,0
0,4.50513455,7.512872784,0
0,3.752750591,7.658573402,0
0,4.294642273,7.23779735,0
0,4.886420058,7.483162051,0
0,3.383009774,8.7098406,0
0,1.987090756,8.462710538,0
0,-3.09437362,6.837704324,0
0,0.501857348,7.573339335,0
0,4.910026999,0.252771873,0
0,5.852296937,8.011973178,0
1,-15.0,10.0,1
1,-15.0,10.0,1
1,-15.0,10.0,1
1,-15.0,10.0,1
1,-15.0,10.0,1
0,-3.511949345,-5.084944866,0
1,-15.0,10.0,1
1,-15.0,10.0,1
1,-15.0,10.0,1
1,-15.0,10.0,1
0,1.709810157,7.663038171,0
0,-8.849345174,-5.059461221,1
0,-9.648281749,2.607207478,0
0,1.626457002,11.98996059,0
0,0.189678805,7.037289406,0
0,0.199936181,7.185986618,0
0,-6.212972132,7.299155206,0
0,1.961484826,8.864788546,0
0,5.964882096,2.946360428,0
0,15.4481762,11.4746372,0
0,2.186511606,7.329411527,0
0,-1.909003178,6.328882135,0
0,-1.493566244,10.12220153,0
0,1.856239033,10.06999105,0
0,-7.715914416,1.207360262,0
0,2.033925236,9.044705589,0
0,4.272560843,7.88501639,0
0,-2.516992529,7.412245154,0
0,-1.180678071,7.470260744,0
0,4.523229632,9.891887092,0
0,4.681709089,7.597702373,0
0,-3.691334372,12.19219513,0
0,3.537372862,0.65779016,0
0,6.525582912,-1.929717127,0
2,8.726603222,-16.22622463,1
2,11.11793998,-14.86538767,1
2,11.7078733,-15.60912907,1
2,9.095057595,-12.20102384,1
0,4.622935055,7.061121099,0
0,0.671517227,7.793089833,0
0,9.833104549,1.549808937,0
0,6.603502052,7.849704139,0
0,1.86951358,7.507635477,0
0,-0.361163647,1.372520477,0
0,-4.59708489,3.95171726,0
0,6.40340164,4.933083295,0
0,-0.707995981,7.206232269,0
0,0.252000056,2.231812704,0
0,3.722432859,4.11581321,0
0,4.089254096,9.454095757,0
0,2.971013652,14.13997481,1
0,3.56779028,7.60272976,0
0,-1.912608899,6.715048313,0
0,4.146645716,7.028319077,0
0,9.362224536,10.74172333,0
0,0.826423258,7.771089602,0
0,0.752400456,3.116712044,0
0,-7.023912978,3.929718119,0
0,0.418551203,12.60700858,0
0,3.873930105,7.609943266,0
0,4.208376142,11.61803528,0
0,3.743099373,8.268287737,0
0,2.694937809,8.890667229,0
0,-2.420616891,9.669824548,0
0,-6.084192166,1.503816441,0
0,2.788718785,3.878961099,0
3,13.11298039,16.63337861,1
0,-1.565213954,7.021613409,0
0,8.134058893,-5.161310642,0
0,0.404410226,10.24138978,0
0,0.847445054,11.39032779,0
0,6.29329833,4.978985504,0
0,8.455925244,-4.308564487,0
0,4.042822476,12.78206865,0
0,-2.066163279,9.623726551,0
0,-1.989560309,8.519081195,0
0,3.154708058,8.334708126,0
0,-0.620594742,7.604635363,0
0,0.861666749,13.08960285,1
0,0.75206709,12.87023413,0
0,3.144382232,7.609228985,0
0,5.276489577,4.096600486,0
0,-2.296428589,6.814649725,0
0,5.138832674,7.220733717,0
0,3.63624079,8.220005949,0
0,2.115803741,8.725121771,0
0,8.380220776,7.131751815,0
0,-2.4070661,9.711545682,0
0,-0.999460602,9.168230091,0
0,1.178757764,6.885182652,0
0,5.198957617,13.129924,1
0,-1.720694471,-4.528206141,0
0,6.426257659,13.12324413,1
0,0.425503311,9.935877985,0
0,-9.987390813,7.252990518,0
0,-0.296440235,13.02245021,1
0,7.287486882,12.83010403,0
0,5.79601647,10.71514892,0
0,1.009228982,10.87168709,0
0,0.995033204,7.765889445,0
0,-3.224340038,9.997932646,0
0,-5.931079854,6.971487686,0
0,-0.947697846,7.444636007,0
0,0.634285807,7.274480151,0
0,5.175810082,7.810052193,0
0,8.311078846,7.455381112,0
0,5.941127016,4.326844347,0
0,3.390441316,6.634561836,0
0,2.535411066,2.114396349,0
0,-2.107469689,10.17502574,0
0,0.364099338,0.858270786,0
0,1.333056001,1.374238476,0
0,-0.58955465,8.741281245,0
0,-1.901359335,9.413237927,0
0,-1.606419992,7.52515836,0
0,9.667303872,-5.056346964,0
0,8.325437972,7.902803524,0
0,3.757221017,7.647492044,0
0,2.412810605,1.42151654,0
0,7.778010596,8.290557383,0
0,2.474314108,10.6594377,0
0,6.834892605,14.60441053,1
0,7.152659725,-0.241918486,0
0,6.294043497,14.13762722,1
0,-1.89570623,10.77942933,0
0,9.80618874,3.732320158,0
0,-3.580561333,10.57564238,0
0,8.27569214,6.557226732,0
0,9.321256985,6.629431591,0
0,5.164466675,9.181058803,0
0,0.225532045,6.863369162,0
0,13.34922544,14.92625409,1
3,10.72462434,16.33112772,1
0,11.67117051,-5.765622976,0
0,-0.920812608,6.807272995,0
0,10.37858176,1.901155366,0
0,1.683453444,9.683321147,0
2,2.952846678,-11.45469683,1
2,1.005906936,-10.09670784,1
0,-1.954190959,7.021170803,0
0,9.697578539,14.51870575,1
0,8.815499656,6.245513513,0
0,-1.047685357,10.89172214,0
0,15.8086772,14.3094903,1
0,-1.218399073,6.52952997,0
0,-0.274801028,10.56371648,0
0,-7.118594722,8.618136217,0
0,10.99907668,10.68019741,0
0,10.24060445,5.922109714,0
0,-2.628968145,5.883348413,0
0,-2.324863428,-4.053555472,0
0,9.23451119,7.719392871,0
2,2.831491585,-13.29471088,1
2,5.296277458,-13.6149014,1
2,3.310006202,-13.22694456,1
2,4.52918371,-13.32682498,1
2,1.286017511,-11.84564771,1
0,0.971869318,2.189570703,0
0,-1.440189308,3.349158999,0
1,-10.14453326,5.599656595,1
0,10.93258972,-5.71368801,0
0,-0.399503762,2.275625847,0
0,-3.421309898,7.018950297,0
0,12.07420396,2.124337261,0
0,-0.888481971,3.167317277,0
0,-0.100216316,6.467523701,0
0,0.197458888,3.376373458,0
0,12.61432767,9.123933236,0
0,-0.579499432,2.901575924,0
0,-0.813698502,5.137502158,0
0,0.505020902,2.31756936,0
0,-9.118034106,-3.958300391,1
0,8.690273963,7.403165542,0
0,19.73711863,6.250566489,1
0,-1.611204136,7.918568079,0
0,7.095815528,7.935795429,0
0,-1.193085974,-3.928703621,0
0,4.294341476,7.399714767,0
0,1.024467005,11.48839191,0
0,-0.113985263,11.20287408,0
0,-2.778897003,6.118042107,0
0,1.464059584,6.198530567,0
0,-2.348027032,8.340832192,0
0,5.776544256,14.50495182,1
0,5.88522012,7.522947445,0
0,0.545705756,2.195691277,0
0,2.771935663,9.124549749,0
0,-2.833295374,6.016281815,0
0,4.120981852,8.758171106,0
0,8.194722121,8.031705254,0
0,-0.3242424,7.6158389,0
0,11.13466258,11.50559757,0
0,9.623279743,14.60015635,1
0,9.093479374,14.10406847,1
0,9.17177071,10.20315866,0
0,9.556982829,7.437557882,0
0,8.534116789,14.03504993,1
1,-10.51670002,4.970215157,1
1,-11.51915453,4.24516868,1
1,-15.88400145,-3.858650618,1
1,-16.82614078,3.188705124,1
1,-12.68984337,6.786077394,1
1,-13.43440488,2.54315081,1
1,-10.81230252,6.10085084,1
0,3.712031356,8.008660422,0
0,6.786722937,14.73491991,1
1,-12.00719811,0.860457279,1
1,-15.0,10.0,1
2,26.06733645,-34.26528146,1
2,20.72694507,-29.32790197,1
2,13.91187523,-19.923204,1
0,3.40952139,10.55645765,0
0,-2.156007909,-3.767423952,0
0,0.495633971,8.166317592,0
3,10.76522559,16.39925644,1
3,13.28846286,17.27929036,1
3,9.658158724,18.7013312,1
0,18.93699953,6.101396455,1
1,-15.0,10.0,1
1,-15.0,10.0,1
1,-15.0,10.0,1
1,-13.94569227,5.066388861,1
0,-2.962396432,8.047343802,0
1,-15.0,10.0,1
1,-15.0,10.0,1
0,-2.85883346,10.17870266,0
0,-9.905619198,5.257462419,0
0,2.974070504,7.992705212,0
0,0.834941083,8.081109719,0
0,-2.757703,8.1789492,0
0,-0.207835044,8.3276631,0
0,3.4020969,8.560759738,0
0,1.594865197,7.406952677,0
0,-1.308513704,3.345682491,0
0,-0.318627913,6.88980796,0
0,-2.949946115,8.551626955,0
0,1.221543696,-2.909277549,0
0,-1.421630542,5.471986382,0
0,1.035603311,5.101837715,0
0,4.209344793,3.097157318,0
0,0.952874991,5.837344679,0
0,0.74155826,5.687069154,0
0,3.459737642,9.55744961,0
0,-0.163690845,6.733001389,0
0,-0.809933596,5.578941977,0
0,-1.307091069,-3.593077664,0
0,1.46065943,9.27002892,0
0,-2.813014711,6.694740012,0
0,0.950855176,11.24437508,0
0,0.146208025,9.584154433,0
1,-15.0,10.0,1
0,6.305879412,9.296245847,0
0,5.110810938,8.562545392,0
0,3.896839584,8.519497859,0
0,-5.536166622,-3.45046894,0
0,5.407993763,10.57372409,0
0,11.3367989,13.44270386,1
0,-8.018556283,5.063357786,0
0,-3.401417545,6.456034088,0
0,4.345942441,8.477289487,0
0,0.583603163,4.24418913,0
0,4.762688717,7.7664279,0
1,-15.0,10.0,1
3,10.97945173,18.79080111,1
0,-9.485594159,6.123704569,0
0,-8.934448043,-3.416656622,1
1,-10.49806049,5.140502737,1
0,4.951653015,7.531324534,0
0,0.748766405,8.885623441,0
0,6.438037208,7.393494706,0
0,2.592744629,7.53157261,0
0,-9.866528237,6.195729857,0
0,-4.79555677,-3.348194877,0
1,-15.0,10.0,1
0,4.822224648,8.072154346,0
0,5.556507983,12.15953952,0
1,-15.0,10.0,1
1,-15.0,10.0,1
1,-15.0,10.0,1
0,-3.868224187,5.814157233,0
0,3.85138815,6.445842565,0
0,3.157931779,9.76025469,0
0,4.321399639,8.172605357,0
0,-9.080339242,6.391800623,0
0,4.759148163,6.712560853,0
0,4.923326894,9.839311488,0
0,2.056008188,1.762618535,0
0,0.430948751,4.091010313,0
0,-2.779234113,7.480173233,0
0,3.253394927,3.332226819,0
0,-1.062940571,6.369553044,0
0,-2.566630457,-3.158743401,0
0,-0.145830197,3.327593033,0
0,1.377876797,3.653362169,0
0,4.430152711,8.35565433,0
0,-1.168334314,6.625489395,0
0,-1.546290436,-3.098076829,0
0,-8.720500951,-3.042343693,1
0,-4.843208365,7.143446655,0
0,3.194434131,11.79674925,0
0,-5.530386692,-3.013671316,0
0,-1.049807916,4.544121096,0
0,-7.409436453,5.443601843,0
0,-4.695554727,10.14876866,0
1,-15.0,10.0,1
0,-0.862341346,11.14159671,0
0,-7.271242188,5.43020217,0
0,1.697351732,7.867585283,0
0,-0.665770962,3.532032602,0
1,-15.0,10.0,1
1,-15.0,10.0,1
1,-15.0,10.0,1
1,-15.0,10.0,1
2,4.166511249,-24.40066661,1
2,3.660676962,-20.03122446,1
2,3.364902465,-18.52735305,1
2,3.649694597,-18.8729868,1
1,-15.0,10.0,1
1,-15.0,10.0,1
1,-15.0,10.0,1
1,-15.0,10.0,1
3,-0.487919223,16.84629886,1
0,-0.630821656,3.582310555,0
0,4.00547224,6.034763525,0
0,3.991867047,5.56027753,0
0,3.413028988,5.409156487,0
0,-0.500718997,5.673611293,0
0,-1.382659913,13.24745738,1
1,-15.0,10.0,1
3,10.29881727,20.94890222,1
0,1.452038549,2.897702952,0
0,3.60731985,5.511601183,0
0,3.30873415,5.597734811,0
0,9.03413242,14.33809179,1
0,4.210069036,4.996912658,0
0,-3.638141062,-2.805921249,0
3,2.392333865,15.55169408,1
3,0.61374839,17.10419498,1
3,0.417945423,16.62511182,1
3,0.478688657,16.12484,1
3,1.550049265,15.63987957,1
3,1.828802109,15.90088682,1
3,0.991342037,16.21713672,1
3,1.272847529,17.01622244,1
3,1.112277928,16.95330451,1
3,1.532914092,16.47590848,1
3,2.162930445,15.94805756,1
0,3.71824941,5.463775939,0
0,-2.419567951,-2.7410775,0
0,-9.449957631,-2.720702261,1
0,-0.078822928,-2.720637781,0
0,4.640011082,8.34688881,0
0,11.48724747,14.457411,1
0,-2.966554309,5.421094864,0
0,2.931415377,4.485056077,0
3,1.527829578,15.58813742,1
3,2.744718163,16.40516021,1
3,3.524494529,16.40209071,1
0,-2.867851193,-2.619319724,0
0,-1.864810639,-2.606375959,0
0,11.1723909,13.2723408,1
0,-6.738895917,-2.58885428,0
0,-2.132910231,6.829379932,0
0,-4.048066706,7.055264754,0
2,1.945505482,-19.38746863,1
2,0.392971171,-16.09975427,1
2,-1.000755353,-12.01123632,1
2,0.277917028,-13.30987294,1
2,1.093595496,-15.39935816,1
2,-0.176546366,-14.04735322,1
2,0.567345268,-14.96506462,1
2,3.450741279,-17.68219256,1
3,7.899247434,15.77895573,1
1,-15.0,10.0,1
3,11.99710979,16.01404137,1
3,6.458569548,22.32141483,1
0,11.77823662,12.16200736,0
3,16.3132235,18.00205194,1
3,7.508728025,21.0460583,1
3,4.93652219,20.02245096,1
3,-0.139818735,17.91093775,1
0,10.75734163,14.30293862,1
0,1.85668938,4.678709319,0
0,-0.133421565,-2.448504417,0
3,3.04264539,15.63230628,1
3,2.245391854,19.34770319,1
3,2.900804003,19.52584704,1
3,4.2561727,18.38622094,1
3,6.668175935,19.11613967,1
3,6.37081679,16.83235973,1
0,9.863111988,14.47105805,1
2,4.729647334,-17.83840971,1
2,4.638965605,-22.60158523,1
2,3.861486921,-23.33986062,1
2,5.651348794,-23.57137527,1
2,7.890806709,-19.47658203,1
2,8.956914844,-18.32201174,1
2,9.405073509,-16.4459473,1
2,6.102911478,-21.46963474,1
2,7.928097627,-15.83974828,1
0,-2.140996061,-2.36128527,0
1,-14.51482194,-1.684190624,1
1,-17.62265197,-2.024945856,1
1,-15.0,10.0,1
1,-15.0,10.0,1
1,-15.0,10.0,1
1,-15.0,10.0,1
1,-15.0,10.0,1
0,-1.153811903,-2.355647336,0
3,16.78869066,18.22442423,1
0,1.533603977,4.338695504,0
0,-8.076604073,-2.353002502,1
2,4.782730176,-13.10656411,1
2,4.927569731,-12.71457184,1
2,5.724165799,-10.92310098,1
2,6.522702053,-11.42101723,1
2,5.056007262,-11.80055352,1
2,3.780088406,-11.67491013,1
1,-15.0,10.0,1
0,-3.798858603,-2.34565999,0
3,14.28452088,15.11906024,1
0,-1.92419722,-2.335644014,0
0,-8.828497111,-2.311707167,1
0,-1.750433364,-2.29126705,0
0,2.087273765,4.876802159,0
0,7.415121276,14.62487538,1
0,-3.209609649,-2.245057689,0
0,-2.514465993,-2.243406542,0
0,0.501825534,4.989938004,0
0,1.693102076,9.125217089,0
0,-0.647283528,-2.213792015,0
0,10.9133788,13.03520628,1
0,0.154315707,4.687126944,0
1,-15.0,10.0,1
3,6.093780337,15.84180261,1
3,5.805878093,15.49073132,1
3,4.879309062,16.52894364,1
0,2.001389306,4.94473282,0
0,-0.97118666,-2.136080081,0
2,4.226103241,-11.88799132,1
2,3.883053075,-13.3843693,1
0,1.102660691,5.361933206,0
0,-5.398150112,5.008447586,0
0,-2.808032874,-2.111117782,0
0,-4.392808226,-2.063801459,0
0,2.907619947,5.045352499,0
0,-5.647649217,-1.968082247,0
0,-1.381254486,-1.953128261,0
0,7.553971712,9.457174623,0
0,-2.791753226,-1.947362316,0
0,9.510460856,11.65183847,0
0,-4.978069896,-1.925888452,0
0,-4.572800486,7.542090687,0
0,-0.017855916,-1.898121431,0
0,-0.038535208,-1.879174036,0
0,-0.700811244,-1.837578875,0
0,-1.567676332,10.88562864,0
0,-1.51567427,-1.818290203,0
0,-9.250969867,-1.774016011,1
0,-0.082864334,-1.751059617,0
0,6.781880698,13.64517589,1
0,-2.933658885,-1.748328789,0
0,0.360030715,5.628851532,0
0,-2.623573774,-1.719602457,0
0,-0.330735755,4.855802693,0
2,11.45454197,-10.93334003,1
2,8.855212131,-19.70796455,1
1,-15.0,10.0,1
0,-1.698281475,5.561839841,0
0,-1.708474736,3.351927331,0
0,-8.228967879,-1.466461062,1
0,-1.501843929,-1.46419592,0
0,-2.505413381,-1.460954096,0
0,-8.332354327,-1.385183354,1
0,-1.588981592,3.876204885,0
0,-4.927425482,-1.365607465,0
0,-9.022905145,-1.217429648,1
0,-1.819445523,3.297226336,0
0,-3.895369397,-1.166648946,0
3,7.569801097,17.21247427,1
3,6.587184114,16.65081967,1
3,5.38311937,15.34089708,1
3,7.082977108,15.28371006,1
3,4.454786803,17.03274556,1
3,3.559490754,15.79262878,1
2,27.75231432,-10.33044308,1
3,6.850115642,16.08231582,1
0,-3.784680252,-0.996933339,0
0,-1.79759243,3.392986213,0
0,-0.359564667,10.72575481,0
3,3.617472259,15.74918034,1
0,-4.854945316,-0.852168424,0
1,-15.0,10.0,1
0,-1.418635848,3.089773991,0
0,-3.506108654,-0.821159218,0
0,-1.798900529,3.012192931,0
0,-1.667148613,-0.784068493,0
0,-2.001944016,3.925465936,0
0,-2.069997198,-0.771806969,0
0,-1.739701666,-0.722055342,0
0,-1.229526946,3.301949644,0
3,3.513025854,17.82888111,1
3,2.212640802,19.16775046,1
0,-2.465327517,3.219265993,0
0,-3.168367271,-0.649038718,0
3,9.425624036,15.26029341,1
0,-8.609796037,-0.633987712,1
0,-2.657710186,-0.613985615,0
1,-15.0,10.0,1
0,-0.809827332,3.444309169,0
3,14.94072212,16.40002866,1
3,14.47276472,16.08839902,1
0,-0.117129405,3.440383779,0
0,7.222641334,14.22032594,1
0,0.007062561,11.64978761,0
0,-4.083558832,-0.583331396,0
0,-9.21862372,3.2510883,0
2,27.72581616,-10.64747313,1
2,26.82615145,-11.21744404,1
0,-1.79541362,-0.550275354,0
0,6.612518698,14.72435769,1
0,0.43071731,11.76885446,0
0,-3.560797428,-0.447060326,0
2,9.194681143,-10.39527881,1
0,-8.280268626,-0.444571432,1
0,1.37919772,12.13640297,0
0,-1.299420119,4.326181077,0
0,-3.221054673,8.871025005,0
3,13.45755327,16.0068572,1
0,-1.376732408,-0.332005103,0
0,1.199240131,3.096055148,0
3,14.95276382,17.59495072,1
3,14.6377943,20.75306564,1
3,13.43237554,19.35210707,1
0,0.311150212,12.1683815,0
3,8.539210108,15.28938859,1
0,-1.630124835,-0.292621769,0
3,12.10501237,18.44539275,1
0,0.892696807,13.49286048,1
0,-5.859718177,-0.254114494,0
0,-2.98421332,-0.229970109,0
1,-15.0,10.0,1
3,7.327176667,16.48981184,1
3,5.828203359,17.48225013,1
3,6.851814973,18.59406831,1
3,4.028361225,17.31793613,1
0,0.174608583,12.691899,0
0,6.170159598,14.04320448,1
0,-5.357382335,-0.025190276,0
0,-4.028131574,14.64893491,1
